{
  "BIRTHDATE": 9.944142836217619,
  "SSN": 10.819798284210286,
  "FIRST": 8.009121400325398,
  "LAST": 5.327681398982514,
  "SUFFIX": 0.0016613460721281463,
  "MAIDEN": 0.6024128170914839,
  "RACE": 0.6282037495092964,
  "ETHNICITY": 0.6922875673329405,
  "GENDER": 0.6964525713514773,
  "ADDRESS": 5.769942276960749,
  "CITY": 1.8002552875091014,
  "STATE": 0.0,
  "COUNTY": 0.0,
  "ZIP": 4.909466232098861,
  "FIRST4": 6.6855200198694416,
  "LAST4": 6.276503501940282,
  "ADDRESS4": 8.873888135154973,
  "EMAIL": 0.4580634381270239,
  "MRN": 1.464232660081324,
  "bad_dob": -0.09399194487672663,
  "bad_zip": -0.09604490307064141,
  "bad_name_scramble_first": -0.11717885604016548,
  "bad_name_scramble_last": -0.09677236019928621,
  "bad_name_nickname": -0.11613480227511314,
  "num_matches": 2.1396362645159086,
  "DM_FIRST": 5.89481843134582,
  "DM_LAST": 5.2652954851234135,
  "BIRTH_MONTH": 2.437923808525525,
  "BIRTH_YEAR": 4.333116142825434,
  "MRN4": 1.464146181074049,
  "ID": -1.3553047143047348
}
