{
  "BIRTHDATE": 0.8331777556588156,
  "SSN": 1.0,
  "FIRST": 0.6618067983146039,
  "LAST": 0.7290833982289932,
  "SUFFIX": 1.0,
  "MAIDEN": 1.0,
  "RACE": 1.0,
  "ETHNICITY": 1.0,
  "GENDER": 1.0,
  "ADDRESS": 1.0,
  "CITY": 1.0,
  "STATE": 1.0,
  "COUNTY": 1.0,
  "ZIP": 0.845921372246662,
  "FIRST4": 0.832739387625644,
  "LAST4": 1.0,
  "ADDRESS4": 1.0,
  "EMAIL": 1.0,
  "MRN": 1.0,
  "bad_dob": 0.8238688815426429,
  "bad_zip": 0.8238688815426429,
  "bad_name_scramble_first": 0.7276960923357796,
  "bad_name_scramble_last": 0.8238688815426429,
  "bad_name_nickname": 0.6639780093965477,
  "num_matches": 1.0,
  "DM_FIRST": 0.8352303495082543,
  "DM_LAST": 0.8320483133145264,
  "BIRTH_MONTH": 0.9422540368538584,
  "BIRTH_YEAR": 0.9461529337135961,
  "MRN4": 1.0,
  "ID": 5.157270978489023e-06
}
