{
  "BIRTHDATE": 3.999920001599968e-05,
  "SSN": 1.999960000799984e-05,
  "FIRST": 0.00021999560008799824,
  "LAST": 0.003539929201415972,
  "SUFFIX": 0.9983400331993361,
  "MAIDEN": 0.5474890502189956,
  "RACE": 0.5335493290134198,
  "ETHNICITY": 0.500429991400172,
  "GENDER": 0.49835003299934,
  "ADDRESS": 0.003119937601247975,
  "CITY": 0.16525669486610267,
  "STATE": 1.0,
  "COUNTY": 1.0,
  "ZIP": 0.00623987520249595,
  "FIRST4": 0.0010399792004159916,
  "LAST4": 0.001879962400751985,
  "ADDRESS4": 0.0001399972000559989,
  "EMAIL": 0.6325073498530029,
  "MRN": 0.23125537489250214,
  "bad_dob": 0.9050618987620248,
  "bad_zip": 0.9069218615627688,
  "bad_name_scramble_first": 0.8181636367272654,
  "bad_name_scramble_last": 0.9075818483630327,
  "bad_name_nickname": 0.7457450850982981,
  "num_matches": 0.11769764604707905,
  "DM_FIRST": 0.0022999540009199814,
  "DM_LAST": 0.0042999140017199655,
  "BIRTH_MONTH": 0.08229835403291934,
  "BIRTH_YEAR": 0.0124197516049679,
  "MRN4": 0.23127537449251015,
  "ID": 1.999960000799984e-05
}
